Country,State,County,Locality,TaxType,TaxLvl,TaxRate,TaxAmount,SaleAmt,ExemptAmt,AdjustmentAmt,NetTaxable,Minutes,Lines,TaxTypeDesc,InvoiceNo,CustNo
USA,   , , , 6, 0, 0.030000, 0.000000, 0.000000, 0.000000, 0.000000, 0.000000, 1.0, 1, Federal Excise Tax, 0, A156
USA,   , , , 55, 0, 0.171000, 6.344100, 100.000000, 62.900000, 0.000000, 37.100000, 1.0, 1, Fed USF Cellular, 0, A156
USA,   , , , 170, 0, 0.016667, 0.016667, 100.000000, 0.000000, 0.000000, 100.000000, 1.0, 1, FCC Regulatory Fee (Wireless), 0, A156
USA, CA, , , 44, 1, 0.007500, 0.472640, 100.188700, 37.170008, 0.000000, 63.018692, 1.0, 0, E911 (Wireless), 0, A156
USA, CA, , , 302, 1, 0.003500, 0.220150, 100.000000, 37.100000, 0.000000, 62.900000, 1.0, 0, CA High Cost Fund A (Wireless), 0, A156
USA, CA, , , 303, 1, 0.010800, 0.679320, 100.000000, 37.100000, 0.000000, 62.900000, 1.0, 0, CA Teleconnect Fund (Wireless), 0, A156
USA, CA, , , 306, 1, 0.003000, 0.188700, 100.000000, 37.100000, 0.000000, 62.900000, 1.0, 0, PUC Fee (Wireless), 0, A156
USA, CA, , , 307, 1, 0.047500, 2.987750, 100.000000, 37.100000, 0.000000, 62.900000, 1.0, 0, Universal Lifeline Telephone Svc Charge (Wireless), 0, A156
USA, CA, , , 467, 1, 0.005000, 0.314500, 100.000000, 37.100000, 0.000000, 62.900000, 1.0, 0, CA TRS (Wireless), 0, A156
USA, CA, SAN FRANCISCO, SAN FRANCISCO, 54, 3, 0.075000, 8.292187, 110.562487, 0.000000, 0.000000, 110.562487, 1.0, 0, Utility Users Tax - Wireless, 0, A156
USA, CA, SAN FRANCISCO, SAN FRANCISCO, 249, 3, 24.560000, 24.560000, 0.000000, 0.000000, 0.000000, 0.000000, 1.0, 1, San Francisco Access Line Tax (PBX/Trunk Line), 0, A156
USA, CA, SAN FRANCISCO, SAN FRANCISCO, 251, 3, 3.270000, 3.270000, 0.000000, 0.000000, 0.000000, 0.000000, 1.0, 0, San Francisco Access Line Tax (Wireless), 0, A156
