PCode, Ctry, State, County, Locality, Tax Type ID, Tax Level, Tax, Tax Amt, Sale Amt, Exempt, Refund, Net Taxable, Minutes, Inv No, Srv Lvl No, Optional, Lines, Locs, Calc Type, Cust No, Tax Category, Tax Type, Calc Type ID, Billable, Compliance, Adj Type, Exempt Type, Surcharge, Trans Type, Srvc Type, Log Cntr
         0, USA,   , , , 6, 0, 0.030000, 0.000000, 0.000000, 0.000000, 0.000000, 0.000000, 1.000000, 0, 0, 0, 1, 0, RATE, A156, EXCISE TAXES, Federal Excise Tax, 1, 1, 1, 0, 0, 0, 0, 0, 2
         0, USA,   , , , 55, 0, 0.171000, 6.344100, 100.000000, 62.900000, 0.000000, 37.100000, 1.000000, 0, 0, 0, 1, 0, RATE, A156, CONNECTIVITY CHARGES, Fed USF Cellular, 1, 1, 1, 0, 0, 0, 0, 0, 11
         0, USA,   , , , 170, 0, 0.016667, 0.016667, 100.000000, 0.000000, 0.000000, 100.000000, 1.000000, 0, 0, 0, 1, 0, FIXED, A156, REGULATORY CHARGES, FCC Regulatory Fee (Wireless), 2, 1, 1, 0, 0, 0, 0, 0, 12
         0, USA,   , , , 232, 0, 0.022890, 0.849219, 100.000000, 62.900000, 0.000000, 37.100000, 1.000000, 0, 0, 0, 1, 0, RATE, A156, CONNECTIVITY CHARGES, Telecommunications Relay Surcharge (Cellular), 1, 0, 1, 0, 0, 0, 0, 0, 13
    253500, USA, CA, , , 44, 1, 0.007500, 0.472640, 100.188700, 37.170008, 0.000000, 63.018692, 1.000000, 0, 0, 0, 0, 0, RATE, A156, E-911 CHARGES, E911 (Wireless), 1, 1, 1, 0, 0, 0, 0, 0, 10
    253500, USA, CA, , , 302, 1, 0.003500, 0.220150, 100.000000, 37.100000, 0.000000, 62.900000, 1.000000, 0, 0, 0, 0, 0, RATE, A156, CONNECTIVITY CHARGES, CA High Cost Fund A (Wireless), 1, 1, 1, 0, 0, 1, 0, 0, 7
    253500, USA, CA, , , 303, 1, 0.010800, 0.679320, 100.000000, 37.100000, 0.000000, 62.900000, 1.000000, 0, 0, 0, 0, 0, RATE, A156, CONNECTIVITY CHARGES, CA Teleconnect Fund (Wireless), 1, 1, 1, 0, 0, 1, 0, 0, 6
    253500, USA, CA, , , 306, 1, 0.003000, 0.188700, 100.000000, 37.100000, 0.000000, 62.900000, 1.000000, 0, 0, 0, 0, 0, RATE, A156, REGULATORY CHARGES, PUC Fee (Wireless), 1, 1, 1, 0, 0, 1, 0, 0, 5
    253500, USA, CA, , , 307, 1, 0.047500, 2.987750, 100.000000, 37.100000, 0.000000, 62.900000, 1.000000, 0, 0, 0, 0, 0, RATE, A156, CONNECTIVITY CHARGES, Universal Lifeline Telephone Svc Charge (Wireless), 1, 1, 1, 0, 0, 1, 0, 0, 4
    253500, USA, CA, , , 467, 1, 0.005000, 0.314500, 100.000000, 37.100000, 0.000000, 62.900000, 1.000000, 0, 0, 0, 0, 0, RATE, A156, CONNECTIVITY CHARGES, CA TRS (Wireless), 1, 1, 1, 0, 0, 1, 0, 0, 3
    377300, USA, CA, SAN FRANCISCO, SAN FRANCISCO, 54, 3, 0.075000, 8.292187, 110.562487, 0.000000, 0.000000, 110.562487, 1.000000, 0, 0, 0, 0, 0, RATE, A156, UTILITY USER TAXES, Utility Users Tax - Wireless, 1, 1, 1, 0, 0, 0, 0, 0, 9
    377300, USA, CA, SAN FRANCISCO, SAN FRANCISCO, 249, 3, 24.560000, 24.560000, 0.000000, 0.000000, 0.000000, 0.000000, 1.000000, 0, 0, 0, 1, 0, PER LINE, A156, E-911 CHARGES, San Francisco Access Line Tax (PBX/Trunk Line), 4, 1, 1, 0, 0, 0, 0, 0, 1
    377300, USA, CA, SAN FRANCISCO, SAN FRANCISCO, 251, 3, 3.270000, 3.270000, 0.000000, 0.000000, 0.000000, 0.000000, 1.000000, 0, 0, 0, 0, 0, FIXED, A156, E-911 CHARGES, San Francisco Access Line Tax (Wireless), 2, 1, 1, 0, 0, 0, 0, 0, 8
