<s:Envelope xmlns:s="http://schemas.xmlsoap.org/soap/envelope/" xmlns:tem="http://tempuri.org/">
	<s:Header>
		<o:Security s:mustUnderstand="1" xmlns:o="http://docs.oasis-open.org/wss/2004/01/oasis-200401-wss-wssecurity-secext-1.0.xsd">
			<o:UsernameToken>
				<o:Username>USERNAME</o:Username>
				<o:Password>PASSWORD</o:Password>
			</o:UsernameToken>
		</o:Security>
	</s:Header>
	<s:Body>
		<tem:GeocodeLatLong>
			<tem:latitude>38.956689</tem:latitude>
			<tem:longitude>-94.686252</tem:longitude>
		</tem:GeocodeLatLong>
	</s:Body>
</s:Envelope>