<s:Envelope xmlns:s="http://schemas.xmlsoap.org/soap/envelope/" xmlns:u="http://docs.oasis-open.org/wss/2004/01/oasis-200401-wss-wssecurity-utility-1.0.xsd">
   <s:Header>
      <o:Security s:mustUnderstand="1" xmlns:o="http://docs.oasis-open.org/wss/2004/01/oasis-200401-wss-wssecurity-secext-1.0.xsd">
         <u:Timestamp u:Id="_0">
            <u:Created>2016-03-10T17:16:21.388Z</u:Created>
            <u:Expires>2016-03-10T17:21:21.388Z</u:Expires>
         </u:Timestamp>
      </o:Security>
   </s:Header>
   <s:Body>
      <GetServerTimeResponse xmlns="http://tempuri.org/">
         <GetServerTimeResult>Mar 10, 2016 11:16:21 AM</GetServerTimeResult>
      </GetServerTimeResponse>
   </s:Body>
</s:Envelope>