<s:Envelope xmlns:s="http://schemas.xmlsoap.org/soap/envelope/" xmlns:u="http://docs.oasis-open.org/wss/2004/01/oasis-200401-wss-wssecurity-utility-1.0.xsd">
   <s:Header>
      <o:Security s:mustUnderstand="1" xmlns:o="http://docs.oasis-open.org/wss/2004/01/oasis-200401-wss-wssecurity-secext-1.0.xsd">
         <u:Timestamp u:Id="_0">
            <u:Created>2016-03-10T17:12:51.055Z</u:Created>
            <u:Expires>2016-03-10T17:17:51.055Z</u:Expires>
         </u:Timestamp>
      </o:Security>
   </s:Header>
   <s:Body>
      <GeocodeAddressResponse xmlns="http://tempuri.org/">
         <GeocodeAddressResult xmlns:a="http://schemas.datacontract.org/2004/07/EZGeoSaaS" xmlns:i="http://www.w3.org/2001/XMLSchema-instance">
            <a:Alternate>0</a:Alternate>
            <a:CassAddress>
               <a:Address xmlns:b="http://schemas.microsoft.com/2003/10/Serialization/Arrays">
                  <b:string>8675 W 96TH ST STE 220</b:string>
                  <b:string>OVERLAND PARK, KS  66212-3382</b:string>
               </a:Address>
               <a:AddressLine>8675 W 96TH ST STE 220</a:AddressLine>
               <a:AddressQualityFlags>H4</a:AddressQualityFlags>
               <a:CarrierRoute>C027</a:CarrierRoute>
               <a:City>OVERLAND PARK</a:City>
               <a:CityStateZip>OVERLAND PARK, KS  66212-3382</a:CityStateZip>
               <a:CountyCode>91</a:CountyCode>
               <a:DeliveryPointValidation>3</a:DeliveryPointValidation>
               <a:EnhancedLineOfTravel>0</a:EnhancedLineOfTravel>
               <a:Reliability>110</a:Reliability>
               <a:State>KS</a:State>
               <a:USPSBarCode>/662123382700/</a:USPSBarCode>
               <a:Zip>66212</a:Zip>
               <a:Zip4>3382</a:Zip4>
            </a:CassAddress>
            <a:CensusBlockGroup>1014</a:CensusBlockGroup>
            <a:CensusTract>51804</a:CensusTract>
            <a:CityName>OVERLAND PARK</a:CityName>
            <a:Country>USA</a:Country>
            <a:County>JOHNSON</a:County>
            <a:ErrorMessage/>
            <a:FeatureID>479210</a:FeatureID>
            <a:FipsCode>2009153775</a:FipsCode>
            <a:FipsPlaceName>OVERLAND PARK</a:FipsPlaceName>
            <a:Incorporated>true</a:Incorporated>
            <a:InputAddress xmlns:b="http://schemas.microsoft.com/2003/10/Serialization/Arrays">
               <b:string>8675 W 96TH ST STE 220</b:string>
               <b:string>OVERLAND PARK,KS 66212</b:string>
            </a:InputAddress>
            <a:Latitude>38.95465893143988</a:Latitude>
            <a:Longitude>-94.685748695942991</a:Longitude>
            <a:NetworkID>nt</a:NetworkID>
            <a:PCode>1248900</a:PCode>
            <a:PostalCode>66212</a:PostalCode>
            <a:PostalCodeExtension>3382</a:PostalCodeExtension>
            <a:PrimaryJurisdictionName>OVERLAND PARK</a:PrimaryJurisdictionName>
            <a:PrimaryJurisdictionPCode>1248900</a:PrimaryJurisdictionPCode>
            <a:Score>1</a:Score>
            <a:SecondaryUnit>STE 220</a:SecondaryUnit>
            <a:SpecialTaxDistrictName i:nil="true"/>
            <a:SpecialTaxDistrictPCode>-1</a:SpecialTaxDistrictPCode>
            <a:StandardizedAddress xmlns:b="http://schemas.microsoft.com/2003/10/Serialization/Arrays">
               <b:string>8675 W 96TH ST STE 220</b:string>
               <b:string>OVERLAND PARK,KS 66212-3382</b:string>
            </a:StandardizedAddress>
            <a:StateName>KS</a:StateName>
            <a:StreetName>W 96TH ST</a:StreetName>
            <a:StreetNumber>8675</a:StreetNumber>
            <a:TaxJurisdictionName>OVERLAND PARK</a:TaxJurisdictionName>
            <a:TimeZone/>
            <a:UnderlyingFipsCode>2009153775</a:UnderlyingFipsCode>
         </GeocodeAddressResult>
      </GeocodeAddressResponse>
   </s:Body>
</s:Envelope>