<s:Envelope xmlns:s="http://www.w3.org/2003/05/soap-envelope">
   <s:Body>
      <GeocodeLatLongResponse xmlns="http://tempuri.org/">
         <GeocodeLatLongResult xmlns:a="http://schemas.datacontract.org/2004/07/EZGeoSaaS" xmlns:i="http://www.w3.org/2001/XMLSchema-instance">
            <a:Alternate>0</a:Alternate>
            <a:CassAddress i:nil="true"/>
            <a:CensusBlockGroup>0</a:CensusBlockGroup>
            <a:CensusTract>0</a:CensusTract>
            <a:CityName>OVERLAND PARK</a:CityName>
            <a:Country>USA</a:Country>
            <a:County>JOHNSON</a:County>
            <a:ErrorMessage/>
            <a:FeatureID>479210</a:FeatureID>
            <a:FipsCode>2009153775</a:FipsCode>
            <a:FipsPlaceName>OVERLAND PARK</a:FipsPlaceName>
            <a:Incorporated>true</a:Incorporated>
            <a:InputAddress xmlns:b="http://schemas.microsoft.com/2003/10/Serialization/Arrays">
               <b:string/>
               <b:string/>
            </a:InputAddress>
            <a:Latitude>38.9546589314399</a:Latitude>
            <a:Longitude>-94.685748695943</a:Longitude>
            <a:NetworkID>nt</a:NetworkID>
            <a:PCode>1248900</a:PCode>
            <a:PostalCode/>
            <a:PostalCodeExtension/>
            <a:PrimaryJurisdictionName>OVERLAND PARK</a:PrimaryJurisdictionName>
            <a:PrimaryJurisdictionPCode>1248900</a:PrimaryJurisdictionPCode>
            <a:Score>0.999968932405632</a:Score>
            <a:SecondaryUnit/>
            <a:SpecialTaxDistrictName i:nil="true"/>
            <a:SpecialTaxDistrictPCode>-1</a:SpecialTaxDistrictPCode>
            <a:StandardizedAddress xmlns:b="http://schemas.microsoft.com/2003/10/Serialization/Arrays">
               <b:string></b:string>
               <b:string>OVERLAND PARK,KS null</b:string>
            </a:StandardizedAddress>
            <a:StateName>KS</a:StateName>
            <a:StreetName/>
            <a:StreetNumber/>
            <a:TaxJurisdictionName>OVERLAND PARK</a:TaxJurisdictionName>
            <a:TimeZone/>
            <a:UnderlyingFipsCode>2009153775</a:UnderlyingFipsCode>
         </GeocodeLatLongResult>
      </GeocodeLatLongResponse>
   </s:Body>
</s:Envelope>