<s:Envelope xmlns:s="http://www.w3.org/2003/05/soap-envelope">
  <s:Header>
    <UserName xmlns="EZGeo">USERNAME</UserName>
    <Password xmlns="EZGeo">PASSWORD</Password>
  </s:Header>
  <s:Body>
    <GeocodeAddress xmlns="http://tempuri.org/">
      <inputAddress xmlns:a="http://schemas.datacontract.org/2004/07/EZGeoSaaS" xmlns:i="http://www.w3.org/2001/XMLSchema-instance">
        <a:CassCertify>true</a:CassCertify>
        <a:City>Overland Park</a:City>
        <a:CityStateZip/>
        <a:MinimumScore>0.7</a:MinimumScore>
        <a:Offset>3</a:Offset>
        <a:Options>312</a:Options>
        <a:SecondaryUnit>Suite 220</a:SecondaryUnit>
        <a:State>KS</a:State>
        <a:StreetAddress>8675 West 96th Street</a:StreetAddress>
        <a:Zip>66212</a:Zip>
      </inputAddress>
    </GeocodeAddress>
  </s:Body>
</s:Envelope>