Request Type,Customer Number,BillTo Country ISO,BillTo State,BillTo County,BillTo Locality ,BillTo ZipCode,Customer Type,Invoice Date,Charge,Transaction Type,Service Type,Sale,Incorporated
CalcTaxes,Baseline  ,USA,FL,Brevard,Cocoa Beach,32931,Business,20150715,100,1,1,TRUE,TRUE
CalcTaxes,Local Exclusion,USA,OH,Summit,Akron,44301,Business,20150715,100,1,1,TRUE,TRUE
CalcTaxes,Persisted Exclusion,USA,CA,San Francisco,San Francisco,94102,Business,20150715,100,1,1,TRUE,TRUE
CalcTaxes,Local Bundle,USA,TX,Fort Bend,Houston,77053,Business,20150715,100,20001,20001,TRUE,TRUE
CalcTaxes,Persisted Bundle,USA,NY,New York,New York,10001,Business,20150715,100,21001,21001,TRUE,TRUE
