PCode, Ctry, State, County, Locality, Tax Type ID, Tax Level, Tax, Tax Amt, Sale Amt, Exempt, Refund, Net Taxable, Minutes, Inv No, Srv Lvl No, Optional, Lines, Locs, Calc Type, Cust No, Tax Category, Tax Type, Calc Type ID, Billable, Compliance, Adj Type, Exempt Type, Surcharge, Trans Type, Srvc Type, Log Cntr
         0, USA,   , , , 18, 0, 0.171000, 17.100000, 100.000000, 0.000000, 0.000000, 100.000000, 0.000000, 0, 0, 0, 0, 0, RATE, Baseline, CONNECTIVITY CHARGES, Fed Universal Service Fund, 1, 1, 1, 0, 0, 0, 0, 0, 5
         0, USA,   , , , 23, 0, 0.016350, 1.635000, 100.000000, 0.000000, 0.000000, 100.000000, 0.000000, 0, 0, 0, 0, 0, RATE, Baseline, CONNECTIVITY CHARGES, Telecom Relay Surcharge, 1, 0, 1, 0, 0, 0, 0, 0, 6
         0, USA,   , , , 169, 0, 0.003310, 0.331000, 100.000000, 0.000000, 0.000000, 100.000000, 0.000000, 0, 0, 0, 0, 0, RATE, Baseline, REGULATORY CHARGES, FCC Regulatory Fee (Wireline), 1, 1, 1, 0, 0, 0, 0, 0, 7
         0, USA,   , , , 18, 0, 0.171000, 17.100000, 100.000000, 0.000000, 0.000000, 100.000000, 0.000000, 0, 0, 0, 0, 0, RATE, Local Exclusion, CONNECTIVITY CHARGES, Fed Universal Service Fund, 1, 1, 1, 0, 0, 0, 0, 0, 8
         0, USA,   , , , 23, 0, 0.016350, 1.635000, 100.000000, 0.000000, 0.000000, 100.000000, 0.000000, 0, 0, 0, 0, 0, RATE, Local Exclusion, CONNECTIVITY CHARGES, Telecom Relay Surcharge, 1, 0, 1, 0, 0, 0, 0, 0, 9
         0, USA,   , , , 169, 0, 0.003310, 0.331000, 100.000000, 0.000000, 0.000000, 100.000000, 0.000000, 0, 0, 0, 0, 0, RATE, Local Exclusion, REGULATORY CHARGES, FCC Regulatory Fee (Wireline), 1, 1, 1, 0, 0, 0, 0, 0, 10
         0, USA,   , , , 18, 0, 0.171000, 17.100000, 100.000000, 0.000000, 0.000000, 100.000000, 0.000000, 0, 0, 0, 0, 0, RATE, Persisted Exclusion, CONNECTIVITY CHARGES, Fed Universal Service Fund, 1, 1, 1, 0, 0, 0, 0, 0, 12
         0, USA,   , , , 23, 0, 0.016350, 1.635000, 100.000000, 0.000000, 0.000000, 100.000000, 0.000000, 0, 0, 0, 0, 0, RATE, Persisted Exclusion, CONNECTIVITY CHARGES, Telecom Relay Surcharge, 1, 0, 1, 0, 0, 0, 0, 0, 13
         0, USA,   , , , 169, 0, 0.003310, 0.331000, 100.000000, 0.000000, 0.000000, 100.000000, 0.000000, 0, 0, 0, 0, 0, RATE, Persisted Exclusion, REGULATORY CHARGES, FCC Regulatory Fee (Wireline), 1, 1, 1, 0, 0, 0, 0, 0, 14
    540000, USA, FL, BREVARD, COCOA BEACH, 14, 1, 0.023700, 2.783115, 117.431000, 0.000000, 0.000000, 117.431000, 0.000000, 0, 0, 0, 0, 0, RATE, Baseline, GROSS RECEIPTS TAXES, Statutory Gross Receipts, 1, 1, 1, 0, 0, 0, 0, 0, 4
    539600, USA, FL, BREVARD, , 64, 1, 0.049200, 5.777605, 117.431000, 0.000000, 0.000000, 117.431000, 0.000000, 0, 0, 0, 0, 0, RATE, Baseline, COMMUNICATIONS SERVICES TAX, Communications Service Tax, 1, 1, 1, 0, 0, 0, 0, 0, 3
    540000, USA, FL, BREVARD, COCOA BEACH, 160, 1, 0.001500, 0.176146, 117.431000, 0.000000, 0.000000, 117.431000, 0.000000, 0, 0, 0, 0, 0, RATE, Baseline, GROSS RECEIPTS TAXES, Statutory Gross Receipts (Business), 1, 1, 1, 0, 0, 0, 0, 0, 1
    377300, USA, CA, SAN FRANCISCO, SAN FRANCISCO, 16, 3, 0.075000, 8.807325, 117.431000, 0.000000, 0.000000, 117.431000, 0.000000, 0, 0, 0, 0, 0, RATE, Persisted Exclusion, UTILITY USER TAXES, Utility Users Tax, 1, 1, 1, 0, 0, 0, 0, 0, 11
    540000, USA, FL, BREVARD, COCOA BEACH, 64, 3, 0.055200, 6.482191, 117.431000, 0.000000, 0.000000, 117.431000, 0.000000, 0, 0, 0, 0, 0, RATE, Baseline, COMMUNICATIONS SERVICES TAX, Communications Service Tax, 1, 1, 1, 0, 0, 0, 0, 0, 2
