Line,Index,Status,Input Country,Input State,Input County,Input City,Input Zip,PCode,Country,State,County,City,Limit,Match Type Applied,Errors,Comment
2,1,Failure,USA,FL,Miami-Dade,WestMelbourne,33145,,,,,,1,Exact,,Case 1: Miami not MIAMI-DADE - Exact Match (will fail)
3,1,Success,USA,FL,Miami-Dade,WestMelbourne,33145,554300,USA,FL,DADE,MIAMI,1,Best,,Case 2: MIAMI-DADE Best Match
4,1,Success,USA,AL,CALHOUN,HobsonCity,36201,9800,USA,AL,CALHOUN,HOBSON CITY,1,Exact,,Case 3: HOBSON Exact Match
5,1,Failure,USA,AL,CALHOUN,HobsonCity,36291,,,,,,1,Exact,,Case 4: HOBSON Invalid Zip Exact Match (will fail)
6,1,Success,USA,AL,CALHOUN,HobsonCity,36291,9800,USA,AL,CALHOUN,HOBSON CITY,3,Best,,Case 5: HOBSON Invalid Zip Best Match
7,1,Success,USA,KS,JOHNSON,HOMEOFFICE,66224,1248500,USA,KS,JOHNSON,SHAWNEE MISSION,1,Best,,Case 6: In Zip Range
8,1,Failure,USA,AP,San Francisco,APO,96350,,,,,,1,Exact,,Case 7: Military APO full Exact Match - bad state (will fail)
9,1,Success,USA,,,APO,96350,377500,USA,CA,SAN FRANCISCO,APO,1,Exact,,Case 8: Military APO City-Zip Exact Match
10,1,Success,USA,,,APO,,377500,USA,CA,SAN FRANCISCO,APO,1,Exact,,Case 9: Military APO City only Best Match
11,1,Failure,FPO,,,,96350,,,,,,1,Best,,Case 10: Military FPO Country Zip Best Match (will fail)
12,1,Success,CAN,AB,,Beaumont,,4486000,CAN,AB,,BEAUMONT,1,Exact,,CAN - Exact Match with Country-State-City
13,1,Success,CAN,AB,,,T4X 1Y6,4486000,CAN,AB,,BEAUMONT,1,Exact,,CAN - Exact Match with Country-State-Zip
14,1,Success,CAN,AB,,,,4482300,CAN,AB,,,1,Exact,,CAN - Exact Match with Country-State
15,1,Success,CAN,,,,T4X 1Y6,4486000,CAN,AB,,BEAUMONT,2,Exact,,CAN - Exact Match with Country-Zip
16,1,Success,CAN,,,,,4482200,CAN,,,,3,Exact,,CAN - Exact Match with Country
17,1,Success,CAN,AB,,Beaumont,,4486000,CAN,AB,,BEAUMONT,5,Exact,,CAN - Best Match with Country-State-City
