Request Type,Country ISO,State,County,Locality ,ZipCode,Best Match,LimitResults,Key:Comment
ZipLookup,USA,FL,Miami-Dade,West Melbourne,33145,FALSE,1,Case 1: Miami not MIAMI-DADE - Exact Match (will fail)
ZipLookup,USA,FL,Miami-Dade,West Melbourne,33145,TRUE,1,Case 2: MIAMI-DADE Best Match
ZipLookup,USA,AL,CALHOUN,Hobson City,36201,FALSE,1,Case 3: HOBSON Exact Match
ZipLookup,USA,AL,CALHOUN,Hobson City,36291,FALSE,1,Case 4: HOBSON Invalid Zip Exact Match (will fail)
ZipLookup,USA,AL,CALHOUN,Hobson City,36291,TRUE,3,Case 5: HOBSON Invalid Zip Best Match
ZipLookup,USA,KS,JOHNSON,HOME OFFICE,66224,TRUE,1,Case 6: In Zip Range
ZipLookup,USA,AP,San Francisco,APO,96350,FALSE,1,Case 7: Military APO full Exact Match - bad state (will fail)
ZipLookup,USA,,,APO,96350,FALSE,1,Case 8: Military APO City-Zip Exact Match
ZipLookup,,,,APO,,TRUE,1,Case 9: Military APO City only Best Match
ZipLookup,FPO,,,,96350,TRUE,1,Case 10: Military FPO Country Zip Best Match (will fail)
ZipLookup,CAN,AB,,Beaumont,,FALSE,1,CAN - Exact Match with Country-State-City
ZipLookup,CAN,AB,,,T4X 1Y6,FALSE,1,CAN - Exact Match with Country-State-Zip
ZipLookup,CAN,AB,,,,FALSE,1,CAN - Exact Match with Country-State
ZipLookup,CAN,,,,T4X 1Y6,FALSE,2,CAN - Exact Match with Country-Zip
ZipLookup,CAN,,,,,FALSE,3,CAN - Exact Match with Country
ZipLookup,CAN,AB,,Beaumont,,TRUE,5,CAN - Best Match with Country-State-City
