Request Type,Customer Number,BillTo Country ISO,BillTo State,BillTo County,BillTo Locality ,BillTo ZipCode,Customer Type,Invoice Date,Charge,Transaction Type,Service Type,Sale,Incorporated
CalcTaxes,Cust 01,USA,KS,Johnson,Overland Park,66212,Business,20170710,100,19,6,TRUE,TRUE
CalcTaxes,Cust 01,USA,KS,Johnson,Overland Park,66212,Business,20170710,100,19,11,TRUE,TRUE
CalcTaxes,Cust 02,USA,OH,Summit,Akron,44301,Business,20170710,100,19,8,TRUE,TRUE
CalcTaxes,Cust 02,USA,OH,Summit,Akron,44301,Business,20170710,100,19,6,TRUE,TRUE
