Request Type,BillTo Country ISO,BillTo State,BillTo County,BillTo Locality ,BillTo ZipCode,Customer Type,Invoice Date,Charge,Transaction Type,Service Type,Sale,Incorporated,Customer Number,Company Identifier,Optional Alpha 1,Exemption Type,Key: Generated PCode,Key: Information
CalcTaxes,USA,FL,Brevard,Cocoa Beach,32931,Business,20170715,100,13,6,TRUE,TRUE,Customer 1     ,Company A,FL Exemptions,Fed Sales Supremacy,540000,The Key fields do not affect taxation.
CalcTaxes,USA,CA,San Francisco,San Francisco,94102,Business,20170715,100,13,6,TRUE,TRUE,Customer 2,Company A,CA Exemptions,Non Profit Sales,377300,
CalcTaxes,USA,NY,New York,New York,10001,Business,20170715,100,13,6,TRUE,TRUE,Customer 3,Company B,NY Exemptions,Insulin Sales,2502500,
CalcTaxes,USA,NY,New York,New York,10001,Business,20170715,100,13,6,TRUE,TRUE,Customer 3,Company B,NY Exemptions,Sales for Resale,2502500,
CalcTaxes,USA,MA,Suffolk,Boston,2108,Business,20170715,100,1,1,TRUE,TRUE,Customer 4,Company B,MA Exemptions,Public School ,,"No PCode in the .exm table. The Exemption Type filed is only for documentation, not taxation."
